{
  "region": "us-east-1",
  "cognito": {
    "poolId": "us-east-1:2f9f4c44-4d08-4a4e-9e00-c66035f76a21",
    "appUserPoolClientId": "",
    "appUserPoolName": "",
    "appDomainName": "",
    "aws_cognito_region": "us-east-1",
    "region": "us-east-1",
    "appUserPoolIdentityProvider": ""
  },
  "lex": {
    "botName": "OrderFlowers",
    "botAlias": "$LATEST",
    "initialText": "",
    "initialSpeechInstruction": "",
    "reInitSessionAttributesOnRestart": false,
    "region": "us-east-1"
  },
  "ui": {
    "parentOrigin": [
      "http://localhost:8000",
      "http://localhost:8001"
    ],
    "toolbarTitle": "Order Config",
    "toolbarLogo": "",
    "positiveFeedbackIntent": "",
    "negativeFeedbackIntent": "",
    "helpIntent": "help",
    "minButtonToolTipContent": "Open Chatbot",
    "enableLogin": false,
    "AllowSuperDangerousHTMLInMessage": true,
    "shouldDisplayResponseCardTitle": false,
    "hideInputFieldsForButtonResponse": false,
    "pushInitialTextOnRestart": false,
    "directFocusToBotInput": false,
    "showDialogStateIcon": false,
    "backButton": false,
    "messageMenu": true
  },
  "polly": {
    "voiceId": "Salli"
  },
  "recorder": {
    "preset": "speech_recognition"
  },
  "iframe": {
    "iframeOrigin": "",
    "shouldLoadIframeMinimized": false,
    "iframeSrcPath": "/index.html#/?lexWebUiEmbed=true"
  }
}